site_id,GPUR,GOPS,GLOG,GTRN,GCOL,SUPINT,MAINT,COMP,OE,EP,uptime_percent,unplanned_downtime_hours,tons_per_hour,rework_rate_percent,energy_kwh_per_ton,water_m3_per_ton,cost_per_ton,maintenance_cost_per_ton,on_time_delivery_percent,supplier_defect_percent,ltifr,trifr,sifr,fifr,safety_audits_passed_percent,employees_competent_percent,frontline_stoppages_percent,OE_HARD,SAFETY_PERF
SYN_001,3.498275841275781,4.0784532302594165,3.7289606781638733,4.35191562780118,3.311954345317227,3.551837901722659,4.075462599414652,4.374837622105822,3.7828165286923516,3.6279783012824955,89.26851706302192,152.44511686705115,277.80210611002593,2.070557388478306,47.800779870459195,0.8272762561807367,592.3514161239596,132.0292018961952,88.94744065818608,2.0183688135976867,0.32528606631384493,0.5029457160956562,0.18231526994441674,0.0,97.91605629665032,97.63421088134332,14.353293201882947,0.7757429242533619,2.1758365265448547
SYN_002,3.3911419249780135,3.4381070434781495,3.133906007339588,3.0408488763259216,3.032608946253809,3.334068537808504,3.3241553030361466,3.5935045559710077,3.3048419584242765,3.1270726841970355,80.96214225988987,205.27015282359469,234.67193824203278,3.4677853480364256,55.075490469623176,1.0334150349607847,632.1196537088642,168.8343205224714,79.78523876074135,3.735916069230822,0.7319274811105608,1.2921280606353511,0.4550863974729732,0.12926654004203728,66.40854408016378,70.78099700515725,33.41169294373954,-0.47797925025080396,-0.9709015788354882
SYN_003,3.9701220414326897,3.678948507591667,4.186430594245246,3.6744567901823233,3.836863441645913,3.794836156033032,3.5384407193827343,3.7848931342566052,3.751903140164618,3.7302617202051547,92.52172119927562,168.28825938575068,293.43761329563205,2.506162625186999,48.434696599680755,0.8289937735586342,584.4001410223791,148.39906543894708,79.71411783429559,2.227160020949349,0.5860927631107278,0.8964621636811828,0.3797978675169108,0.08140038990662775,88.3742661360108,86.61771474224484,29.662683003712303,0.5387333027897654,0.49295416341290227
SYN_004,3.9396679220395177,3.6303271743990035,3.830259812509476,3.8794872289294693,4.156113859884644,4.361385428986946,3.9466560927025505,3.9633487289534624,4.0131064424463725,4.069425609739289,95.00754235778442,119.0475511737981,285.2070452332865,1.792182714614516,47.375043856857765,0.808690431681681,558.6442431172849,120.16588223336707,94.70758964094387,1.5014652754176976,0.5677756358951854,0.9317059807807888,0.40040650336205685,0.046250044064175,81.61474777955127,72.1014124396291,30.805973416711865,1.2464563788375573,0.3349788313373142
SYN_005,2.6304323395683062,1.4269005888196147,2.261690158877532,2.6674920441341623,2.844958219212733,2.694485550865452,1.9275119350417003,2.406216583462982,2.087899692447661,2.469301796779462,70.0,260.0,150.0,6.0,60.0,1.5,800.0,251.12592668040085,66.8319066676856,5.785459126581959,0.9721089004974608,1.561150327974688,0.6677867850209436,0.1406951312230545,57.61622756417123,55.78390550112358,42.755463271697614,-2.59246639831912,-2.480212327515889
SYN_006,2.835507858229318,2.7029327231461098,3.09933878374721,2.5396291524328616,3.2179370220614074,3.660018523479823,2.9017933245558316,3.1131593991101845,2.975263569744789,2.6354480966486515,77.56169425685772,235.75993408508128,234.31382505730136,3.5374406308289634,55.9788262087104,1.3090438059606122,695.1115808319822,170.96030069166943,80.1834277610162,3.3459688433581225,0.7983663719488403,1.1567933445063634,0.5199474677385968,0.12027284008539094,70.00504087363065,64.26019515743339,36.48377434774419,-0.9401368128012781,-1.0608034192263052
SYN_007,3.3212765309471615,4.122305763140241,3.6212126066169654,3.0424690206543072,3.3171643139703098,3.292666753880806,3.7434635377420236,2.727801262636147,3.1990147149113484,2.9771578297988257,76.18368905528341,208.09042230227675,223.6146139169604,3.2350900617446516,51.37752386636131,0.981597380557738,695.7330469475373,153.10293570605555,91.36666411045715,2.747493566159489,0.7516353083171091,1.0338976838936769,0.47897096773260467,0.1334102189134555,79.53367117914304,62.69816929635035,35.422987667943076,-0.2928890477066442,-0.7197596222433444
SYN_008,3.528246497043318,3.296174897302158,3.4528159426542486,3.562767423474348,2.9476035191955337,2.9908396996886553,3.141328237622745,3.1445387781902854,2.9274966701878116,3.3679427776481745,75.65953599438637,228.22361444645674,204.40585253994962,3.959161304833488,54.354212084282885,1.056223151142289,701.4363483566216,192.99008920054905,78.17287964649816,3.346018782839168,0.5909166190861734,0.9437453487044426,0.2630199442716904,0.0349329004333353,81.88169483740786,80.81766128381857,29.269429234818325,-1.0082080187090365,0.4410984576873661
SYN_009,3.111351318819088,3.212145861359016,3.0794491616295687,3.3700350862312556,3.5800583755512005,3.349270654753455,3.4058916109952055,3.6640779393549927,3.9511662224827644,3.304964073780694,97.28068875246561,136.39485108137302,328.6387850909558,2.4833055002319675,51.67631996989788,1.0510088796039436,576.5991919426289,173.3924726538591,87.12492152801228,2.5989808424336287,0.6214480609206788,1.0304514602386696,0.3922445711110695,0.07961293150290538,76.791192105687,75.307616810771,25.127197540567423,0.617376053652896,0.08934020407554996
SYN_010,2.41597200968777,3.165453652450918,2.967296315523591,3.6763498533368173,2.83980899609565,2.4585800475833253,3.444930429496741,3.794294275858352,3.4149468319715077,3.1341633233753368,84.36261159514048,180.67239783124683,251.74160267174952,3.381195875223593,56.9634006577228,1.2062696802103172,679.1805019870167,192.10009274016835,77.03815794072817,4.192169602628054,0.4529184934969576,0.6959420905177911,0.2856948793791135,0.01954784515634876,90.95718487303226,85.64249206945685,22.072529890714744,-0.6719848983616581,1.018282751972447
SYN_011,3.5455642033030283,3.622063024774184,3.598568296500978,4.243564220079385,3.903992805877985,3.4334883060271295,3.5665794700055353,4.490836409089514,4.003457720360043,3.6150937788343214,94.31746474362323,136.97399860448044,310.3104154917142,1.6787702604491277,47.88994524282557,0.7929634648077667,587.9036187472891,166.80310780203413,87.74342040191041,2.4275910305723354,0.4093229850606052,0.6256512704667055,0.26413823017651666,0.027162386539127982,88.7669727270494,93.8076529084027,24.01352756439481,0.8988287228110369,1.3701528193885826
SYN_012,3.2231845758124114,3.6121725263213076,3.9589437284258286,3.782358730715113,3.714786739108193,3.537197633643001,3.8589442434237973,3.407651430513087,3.5565008092894512,3.736143233233005,87.61960310389385,169.85952702710784,235.6568947309488,1.9596959916014889,51.401890957291336,1.029993119710517,628.4049206029994,155.13460429025957,89.35642445091274,3.1884093019647266,0.5264014793878977,0.8274923202139268,0.29581388165503725,0.03297720598045242,98.14748939498793,82.85834455295088,27.024076306449288,0.24690799679924036,0.8797665560695477
SYN_013,3.2130473590359343,3.564497143212621,2.904654349889713,3.60594773615511,3.4737691504709556,3.504217409481289,3.4281127731641257,3.2452273750987897,3.349417178798887,3.184695383531654,84.76632458781461,189.69864328362593,256.5977371556913,3.270260897627576,54.77741656439339,1.1167103929844937,672.2165330767656,174.13517534427828,88.81395933066472,2.641526383430143,0.6308370831004365,0.9818020089210928,0.41369828420766264,0.0765965454523377,78.66039782638829,72.14715519445376,35.68239932599873,-0.28041711143438824,-0.16994881084164387
SYN_014,3.8796106494287654,3.9604562882377414,3.825981909145071,3.881663702553088,3.528660989910027,3.524196665616199,3.3135168381262448,3.593892085685456,3.2899190418042243,3.2563336698226295,77.96072201841513,196.00771004017616,238.73168716674766,3.3606308759019616,45.239659826980215,0.9128043075563664,667.1085269761031,182.24091891114057,84.09796768785104,1.8873910559658258,0.5548821774483204,0.8405791426991797,0.283256850029955,0.04798361849561621,76.75064806472523,80.4540979781759,28.781844477114415,-0.19245230446497155,0.5895348621942434
SYN_015,3.6317335817786507,3.9046310585660504,3.4291915038581915,3.7097012330779027,3.535642616922667,3.8530330165791176,3.426739427311557,3.6085152698634277,3.009672147597598,3.33464810766401,73.78916917263477,212.4501740339809,194.37002739057147,3.656199724220458,54.03736440802976,1.1120048254310526,691.6857143405662,140.65873951739536,89.05086590730882,2.9872706766683246,0.493646257683807,0.6826440532896431,0.3005599406363495,0.05200895544833679,88.93217609107353,85.51386608907812,26.17267465657732,-0.5956764900402968,0.8877129790656116
SYN_016,3.08328491962936,3.3158334520759527,2.578981569094459,3.007097422313388,3.1151104902906046,3.500277779147779,3.114539403284707,3.3667613895058803,2.9779717261856216,3.4982614827857446,77.03124031124774,227.26800509343707,207.96746462679337,3.7827208210947605,52.35780936361765,1.229104767002852,698.4185247258383,172.22801194928508,83.19763163551974,4.362438142827822,0.697435167039691,1.1358230792303752,0.508336344017974,0.10098512606381072,79.32766119666164,65.33875917292752,37.52814789068448,-0.8358632601693716,-0.8731772404030216
SYN_017,4.008718232778159,3.943155330451213,3.953574381467977,3.318267812126899,3.59117941126296,4.183877431605689,3.7570026992683356,3.7837273825085656,3.4701651279119923,3.4720559381650262,83.61429209162452,208.9222204070565,251.52794246131862,2.947399886631273,47.48013771812732,0.8546384530306314,614.3216195964484,126.80127864759336,92.12990322208042,1.451752754793961,0.4554366079886356,0.7817258113087813,0.28367024259617013,0.014472718142795833,95.9778502635472,80.9410515821664,21.953391756025916,0.363043762792499,1.326978236383882
SYN_018,3.473610375246697,3.0246390216111623,3.1864338407986064,3.4907954192566737,3.170207487125682,3.536103187756255,3.3701157300716207,3.5805572675950237,2.993991089495731,3.278423271691469,79.509188767892,202.8044423894784,199.9066395983168,3.9544447124101842,56.786943935385445,1.1201271888632753,696.0074794337054,161.13154856177786,85.70799873746932,3.082966806063509,0.6663028542417954,1.066184958639946,0.4018960691525775,0.09422318058880795,87.69027359813228,79.54940646868323,29.311271842284093,-0.7208507128308209,0.025134264105853447
SYN_019,4.185964072003127,4.160198166900531,3.9904308132389326,3.8845573720589517,4.281819820125041,4.459288021423072,3.829522549033599,3.807673280245204,3.697895478272373,3.5311246811315904,88.31569569092902,163.5099028884025,294.46179608184144,2.5501345176857506,46.10271511677876,0.8009639173782236,582.7556364522507,108.28374889899966,99.0,1.6077614406758305,0.4643335098504925,0.6931588459060108,0.30538435024384325,0.054200319877107946,86.81619218270605,86.04788610405507,20.718087258336624,1.0399289740135198,1.1706657184032085
SYN_020,3.8077704846958698,3.8342066833175554,3.936679032773811,2.8026957429885897,3.1097263153107977,3.0101795771084383,3.5339966492565504,2.7073698783175657,3.459485896215375,3.6921685981746877,80.99200262592441,173.09277862705773,239.03110445596795,2.881074147894362,46.99408813883143,0.9119617925894837,667.9500116717593,159.6519501501013,80.70699232993479,1.7340002308197864,0.6720263646721569,1.3689901236066193,0.48789197009420066,0.13626349186512335,73.14194140666179,57.62775229289106,32.82043977865519,-0.024250623096382363,-0.8579823120566475
SYN_021,3.2332187982219494,3.106435341997157,3.0531949863109893,3.5256512907834296,3.0726758191780834,3.1493983112484303,3.3747379250042946,3.6101393779590554,3.3909588429216355,3.1315787986909336,81.15087344129158,192.33951940029465,267.2683803445465,2.552398834535572,52.820517923537416,1.102930658281898,671.6992073866518,176.1204754617841,82.61191123820116,2.9345704658004346,0.5664903205726046,0.9111143331677345,0.38807180441443767,0.043498445925071474,78.62851894762565,71.4253677703745,30.052836343300797,-0.27795012348225334,0.15904685019077416
SYN_022,3.017185972019482,2.951739290419963,3.262895160580998,3.5884075436072984,3.6542350178677805,3.0621020195995157,3.374834862850542,3.587864470994328,3.647215566730919,3.4956695544740093,82.5783278204874,165.07717543453583,258.8197923658932,3.1017633343846382,55.43014146709429,1.0272986251833014,635.6425613072215,170.49557598187982,84.41034503404218,3.6884298958379267,0.711105862842178,0.9783394156835997,0.4699231656171817,0.09147615635341864,79.43107938387153,79.72212501823721,31.47283880337683,-0.16662497390113526,-0.27318253674870563
SYN_023,3.8932345672615174,4.49778514030346,4.1537863725646735,3.5723251667351885,3.734284402311563,3.8002858454398973,4.16006235840784,3.3581676355049677,3.9338449800925734,3.786434486893257,92.5206220262619,147.67418223628601,301.41652023713505,2.1889737359326356,42.35224548937759,0.7130512323996746,545.2780162485346,126.88190644475044,96.57548664988703,2.0655885054379053,0.46945189764949435,0.9432012152648125,0.23073365740750568,0.06355501230163652,82.8987409022416,83.5994449223657,27.068863317776714,1.3209763683689655,0.7675574591513096
SYN_024,3.30597678481339,3.218889907398999,3.50364393138658,2.9568168405675452,3.127863762619846,3.1313417398175627,3.2171933827977184,2.956243552818897,3.286075458608224,3.2337258231772275,81.51303005707976,207.30607420704519,268.8500391999106,3.6464286754850166,55.080941123073416,1.0608945301153703,678.3121796957041,173.26531561221373,79.94576900614956,3.3091965174526994,0.5108530723788465,1.0182323226374466,0.407916706369165,0.05959521037259716,77.3637098094321,71.90005753619361,31.674877449575487,-0.5328579105996916,-0.02753425894355016
SYN_025,3.246798197288134,3.695857926346616,3.6603733790235315,3.4930156057599193,2.974159033425653,3.169122612925838,3.018275278631502,3.456908723859592,2.9908464100448353,3.359465126530019,75.9823309550199,222.76792930476333,224.39696954696012,3.7272475906564515,53.07032661436492,1.0027847420816134,713.3310920983375,175.72603643977698,71.43640511555502,3.3484435751334165,0.6513730590539112,0.89091894385325,0.3405187055733983,0.0693636186593386,80.18030555835993,76.84299217539767,28.924625096587587,-0.9081041653773048,0.13572117524685434
SYN_026,3.3268021585555005,3.235496527150403,3.240338509708687,3.9872739744790975,3.435197616257808,3.9209693306122264,3.443839711504328,3.748672914692518,3.740745296662826,3.897577043592879,91.83800402512706,167.9192931488038,291.5513552614376,2.897345422844716,50.44783071770222,0.9224941996910891,602.9055328397445,148.75447937562714,89.81134947069944,3.4839663532085487,0.6071543049283681,0.9471413686621453,0.3627004841525162,0.0709333369532248,85.39190915805523,76.62592372400586,30.546294973604684,0.49760224018240024,0.12850197915970346
SYN_027,4.255867270514523,4.520690627531689,3.886790052312841,3.9639736643560175,4.03952030293767,3.9922681831408564,3.891524960270346,4.626806111703311,4.28528793942995,4.23755127136314,99.0,86.50401691060725,335.9601949622752,1.8891077272136811,42.797420887424316,0.6551111206890473,568.976752868092,130.15220891816162,85.86725874810764,2.2759148121870965,0.4781252669256686,0.9306847510028277,0.2651626247600137,0.08724949063794243,91.09448249559138,84.84808869891933,24.9396969557471,1.523395511962216,0.8059101977426179
SYN_028,3.88566181835159,3.978641865823359,3.8807711895562838,4.2228314519170995,3.37091522610608,3.769967325820879,4.229025393569626,4.1688922360834875,3.9980779014049594,3.298751424760244,93.74868214760205,150.45722800758887,310.4931517915219,2.150207525961325,45.30810765544129,0.6372934680902678,542.8514249360243,130.49171583679592,97.8820766231629,1.5607800247502805,0.38662351106684945,0.825087822376484,0.23087996959777637,0.0697885202079897,94.09431905925976,80.93060654475926,23.121774096956905,1.3394685057134081,1.1769180241516604
SYN_029,3.151989050687297,3.655088981134154,3.1747947566135166,2.8999087426409877,3.8789730270928486,3.374651021092717,3.276765812058322,2.9522002656567032,3.3164766677741104,3.274320834270273,78.1413142964678,196.69711336181587,244.45364020649512,3.100085897319932,54.682198051183015,1.0729829316826673,673.7600415351502,192.69460221461708,82.90779012147398,3.332242863210791,0.7785813237945782,1.1213521366158665,0.5773699973312357,0.07782880395964384,66.30073250744569,64.375819352527,33.007555429648896,-0.5567386121188019,-0.9155511763063131
SYN_030,3.5963555646809278,4.108989666924551,2.641890757742829,3.1681280331547668,2.737970232299328,3.3407685726581757,3.9574486097329316,2.673356881145136,3.5677845130423567,3.5667761456543334,87.9512478268628,182.1950102280604,271.5986784800258,2.3825708407891852,52.720329094682924,0.9560585289827744,641.2865368282625,151.46430215999376,90.7130844161235,3.545794274077246,0.6140197203798936,1.0582836307804762,0.38368852754558086,0.14015826271236062,76.01218290478757,73.69322107996669,32.82240487655086,0.2685699581836002,-0.4410863126518285
SYN_031,4.026279630738773,4.243229710484978,4.881459881957046,4.384999651589361,4.428493418543513,4.043372511454541,4.264770500424031,3.5757398521421826,3.898375657708261,3.2900743813303084,93.49185168545127,130.89558640941422,306.08706538125836,1.9970052748902682,41.394923431187145,0.7232699892570897,557.8015023001494,118.96530935040327,93.30618858231396,0.36801937870418355,0.48721188561987266,0.7519111428045158,0.21138148689590794,0.019145251675451842,88.36226310862422,84.52904958836392,24.91354740561108,1.3971665950742764,1.3962114759347535
SYN_032,3.1731167869013333,2.9546434731576623,3.9324663855440876,3.3839051842834937,3.477404298636637,3.4553104215141426,3.166571323419654,3.273983569767429,3.020761446165975,2.794019944139982,77.9626126018034,209.97315387649917,210.31927311259832,3.8399780074634737,53.68341822697531,1.0887536186996514,745.4528694301474,161.07154654953334,77.49915921893026,3.7302266720761033,0.7001212979260256,1.0306180916183914,0.4087655618933039,0.11786634929650171,78.61126745079045,73.02843060155776,31.03310295077559,-0.8529894423018144,-0.41703374615417244
SYN_033,3.3815354904284156,3.167587785009655,3.276395509713713,3.393863574859352,3.1024611384512992,3.6477921967028073,3.206036563794149,3.288464096088799,3.0704490003656386,3.515264689630519,80.15815022651994,215.48342930192916,213.03917089094716,3.3916771444646536,53.350218133939016,1.1582163880168017,679.3091929883512,151.03689604401723,84.84483024457207,2.892533956646839,0.7401706956282587,1.1874500948188371,0.5757105642600334,0.13139410945574742,76.18363278767599,62.61900211491796,35.48618793672401,-0.5256531701291165,-0.9830915228053553
SYN_034,2.598895056507841,3.3967243762629717,2.433655373528084,3.2029802810873216,3.0052028644439783,3.362278706916046,3.6639208908948415,3.877485801722529,3.6858280911508956,3.637105718278139,86.40962209361851,161.13322967392247,262.4085365217321,2.691244127727349,57.530017139895214,1.113060743179098,620.8471634201304,173.83279013031049,85.37811072111306,3.8872660985926117,0.7007372426919374,1.1406180824738723,0.45939099713344655,0.08345157106945325,77.99477551577971,70.97659373028443,32.02342173882682,-0.10957287619931061,-0.5148146214780958
SYN_035,3.7097651932753255,3.2613456395673435,3.3411726439675697,3.647249674886576,3.2390322988121363,3.6132859092158705,3.1749590465147315,3.440095490536899,3.4108374247073656,3.327103605840666,88.04501755382358,187.69315197283333,246.00059674835882,3.5114947863745845,50.253002691101194,1.0195920144589308,635.1967221520781,156.91657086405326,82.04904904231579,3.015326272517378,0.6102378745095227,1.1196961728327863,0.41479633454045284,0.09461192496308991,75.71337056598314,78.25880169070471,29.21157475816964,-0.08085254665858724,-0.15079787413947202
SYN_036,3.591496556302746,4.14010777456606,3.6607187234449565,3.5465652624414687,3.5104798629874825,3.7139653651375863,3.742053022001841,3.7971230456645,3.5865260733316258,3.800228482230815,85.11895260306963,180.65611106253283,286.8195557985029,2.6453550092603924,51.56087656905027,0.9172008341430459,606.5003133411527,132.84931307621216,89.26468293238264,1.8676566360364366,0.6668021647074657,1.1183742403103996,0.39598881460325236,0.08147936478892931,68.07385693104193,76.100264931272,27.230218547068635,0.3964221543275299,-0.0916291632646738
SYN_037,3.368487909004898,2.9926893126527316,3.4515066313917036,3.0860231042661734,3.4266266143430424,3.0899898762334033,3.097649292191821,2.9682706959303955,3.0628867518001903,3.3800200732094443,79.56406277616178,197.01971223817117,194.89680860519084,3.898316988068413,54.65227487554325,1.1047734166572027,710.9283425649929,186.3233700697311,86.89086144844158,3.2774445282004856,0.7155223192918362,1.2118474394766712,0.4945476356113163,0.1307839653168798,62.34618834768458,66.29372840672558,40.413552312871666,-0.7494494869767966,-1.181696441570323
SYN_038,3.023610183772445,3.386937642417472,2.9334550442609113,3.4632696977188977,3.7228367383652197,3.3040506255194146,3.2535005247710798,3.465612383953093,3.4470568802644324,3.7237283298548407,81.27340626892074,191.4976824284359,254.8944636981444,3.1461658964484784,52.624346360156196,1.1455230868489807,670.4280063087762,173.14772765854505,84.13166021195063,3.793728410798761,0.6743423586191988,1.216041670932199,0.5201261532693471,0.12347309978778985,75.32393358161488,65.54921305036142,39.67366448085637,-0.3607284935410136,-1.0231677930350662
SYN_039,3.389832059192439,2.2768733012788216,3.7758777765317215,2.7773759171702688,4.0874996458014605,3.8844469735040628,2.748501427118053,2.8928245272823223,3.148807516524249,4.138083395467248,77.67727937161143,207.3937753688216,212.58960443655437,4.481014606514315,54.220170248299,1.0953646278424736,690.6705991691402,162.4432047565493,85.39611106055423,3.994830442384151,0.7934571349760323,1.2972460774115637,0.6339423515889696,0.1446105719152571,67.54597165396014,62.167712873748485,38.392931930657376,-0.7215817928538449,-1.5517405405369606
SYN_040,4.50496941214249,3.524430529173686,4.568737670098043,3.115129909663463,4.2910971057366725,4.48228505654905,3.5123051008884763,3.196019376420836,3.9373101999060216,4.125427907985636,96.0809844966326,137.72094537284488,313.40898846142693,2.123590923317147,43.89696190002521,0.7157102565659431,585.3232665708175,121.79989481859158,95.96790019328664,1.3505024631881053,0.5971660664782448,0.9015911491981702,0.42701962856804304,0.0729090283816431,79.29015818861372,76.71843020920575,34.483427442285084,1.3409897392658616,0.17537324517324693
SYN_041,3.8462043174312113,3.2692229526006757,3.376150765956648,3.3753161110428325,4.432609592831456,4.012135761747657,2.957104091873095,3.7836917585361975,3.6842527006085275,3.501013560663872,88.19048543250418,146.72742226362175,278.03519207439257,3.0206547046215464,48.95088442207716,0.9900379383476784,614.1997089519023,172.24838836918917,89.44927494531143,2.958979699532346,0.7961992456935146,1.3053719942408817,0.5093718106782479,0.11968931562845538,75.09149530254984,69.99457077422592,36.606729079791755,0.33691100805380564,-0.9374463447278956
SYN_042,3.6123471481205853,3.5216045832922807,3.765040643574701,4.066788896723478,3.5302832010371854,3.813448843050475,3.940332558968698,3.177385576948388,3.475800520300086,3.4367822190074886,86.82044890753332,184.32746819743008,283.0647858856268,2.5815890707223867,50.8354483610563,0.9803284725986099,610.928121711264,125.03428043549565,90.8871730155825,2.5426445779296287,0.5566500206011445,0.8973628841908268,0.3727892992226697,0.08598718519120427,89.30973297393714,78.24184251658535,36.439604000342015,0.4411318291461545,0.21006102492087836
SYN_043,2.87409432308525,2.9971647209491157,3.4911959476662355,2.6273012451791713,3.263789691461476,3.2535987474993373,2.9362893359424023,2.169865963874744,3.1233773106364766,3.0677280232511706,79.57599084588557,185.34852114745425,229.68354775287074,4.165475942416105,53.67146256277706,1.2532068791938005,753.3047920977409,172.70063814655094,72.44274895932308,3.4874494793346305,0.8594893141555198,1.3357226133895064,0.5963360333203427,0.16048700256527137,61.73003934951933,55.36899794671652,40.797258965260234,-0.9903075625868196,-1.8237152484305956
SYN_044,4.023512426328114,3.358189258822023,3.7139132791331986,2.8393400076367334,3.6276035408772502,4.136123027739842,3.054049545811637,2.7461298375315897,3.0665832637565638,3.1668193306733716,77.91903774017767,220.83916985149702,196.15194284877197,3.4174473613626524,48.47393119933638,0.971238814483133,685.9681939857868,161.8164753744682,86.26051220126911,2.8285483347376257,0.693234878168221,1.0042441773930455,0.3738292469036052,0.10810145362365396,75.23567143914778,69.88913497291668,33.00977767814075,-0.4133670389508146,-0.3469852270658661
SYN_045,3.282310287581911,3.7843249228574742,3.2602266030999605,4.355115709753967,3.414986601116858,3.4466716880740043,3.9833412017911467,4.315231828478861,4.194997777669462,3.5863835391517136,99.0,102.76122932884442,350.191193152467,1.2667778397337643,48.7960307244459,0.7900542333376253,532.8308810446292,149.10207529745756,91.23222164725098,3.081863843671843,0.37672737069859563,0.7842726112369721,0.2566181675701874,0.011459585813908739,94.20457667965931,88.69476002865157,19.59855280135949,1.4295788252026407,1.382707594882455
SYN_046,3.0911039972716465,3.382346487032435,3.454923060945819,3.1335369320367605,3.6069570383284453,3.2280435817744673,2.9104174765477215,3.293112236777615,3.1030283171327677,3.6887343024934207,78.2800967390022,211.76750718464476,208.22360036660763,3.3383651022583756,51.58505434414354,1.0597041775880416,688.9898060279749,182.1928881478567,75.27506096961238,4.685976624993987,0.7511792512891798,1.2507886756634443,0.5926828216406911,0.10297847670451522,69.20632257155394,63.26640646703018,38.430932068928364,-0.7410423284380872,-1.341201179505759
SYN_047,4.0362820355758355,3.8303988275845477,3.9527996273746764,3.953869847797868,4.6275387891585895,4.200438206476742,3.497264865615138,3.7512363431427644,3.6275396075697834,3.559467341454982,84.17906993419534,165.1055808801094,268.96285110355166,2.7960931092133046,46.8954327326663,0.8661389578629186,583.539945035176,119.19250483875264,90.46750014852677,1.7719719085581305,0.46348470230507105,0.9498472293886265,0.3410748133067836,0.03841537411440625,94.46157126408902,83.99492250371182,27.468480946902112,0.6339686351162697,0.9212578701880261
SYN_048,3.4715273561506943,3.5843396211205083,2.958608982410399,4.232663930993626,3.8027040052944665,2.7560084544249097,4.171063333545074,4.0891773969546,3.483870236191163,3.316831487521968,83.67239241492913,190.30101847877611,266.5000377226732,2.0279024607957825,51.32977770847564,1.0518366495148885,658.0573089251818,153.9521092220048,82.58908850225936,2.9897788549982383,0.45900398879603277,0.5958671049286689,0.17951539324558471,0.007076573250698515,97.82506943979949,91.20967481799039,19.57375098155913,0.014426558898615978,1.630067957843636
SYN_049,4.321085429437266,4.43729494905062,4.066536290997656,3.911468353686326,3.810965476569191,4.111040363877205,4.231222337452473,4.438922650013146,4.233467489360188,4.281663089405098,99.0,112.59997883742835,336.98396374003295,1.2771572500285253,42.184755435622336,0.6272826036017087,510.70934551875945,112.39928864726882,99.0,1.4154447525204605,0.437430997140643,0.9095661179548915,0.33014547167568276,0.07676893568378695,87.95879604929559,82.97877764911523,32.17098459314097,1.947340764719976,0.6870355822408813
SYN_050,3.6687090000399483,3.5546408877219444,3.4247010260368733,3.3374964083152654,3.832682812026097,2.662603752567664,3.4370534679335676,3.5269332298363762,2.9816569740170515,3.188060502024699,77.46482006936628,214.68960510533697,219.8672777518239,3.82868240597234,56.084846239112004,1.010977348566168,719.8540926847154,201.38332549704484,80.11398594265009,3.6631105951947136,0.5975862377316308,1.1503093866167204,0.4071546492436923,0.09266888913509125,86.5039582684913,82.29275599224442,29.57564920876875,-0.9362897380408621,-0.018332296216792596
SYN_051,3.551398323214732,3.697924273951476,4.234855586206285,3.6044207589509294,3.4868037212880534,3.039170523920265,3.231041962624743,3.562633794176272,3.495278063876288,3.421852857413612,82.34022119583891,172.56228455873904,251.4316628392906,2.9922542305760826,49.3633837626457,0.9281387705812215,654.790344490816,173.52146992826957,81.22167233946001,2.644243814272318,0.5316070052987155,0.9387528504467898,0.42862861372717553,0.08078802587932735,74.28379421724222,78.07562084116186,31.459894769993156,-0.07992861907168836,0.04320584189614692
SYN_052,3.6453110170917293,4.01297837176291,3.4866933099270314,3.8866660646802393,3.410523715546428,3.6723078314732684,3.8631675787743203,4.04936153623613,4.199380274551895,3.8927139424375667,96.08994842373367,130.0356603747962,331.3213025418087,1.830671763352657,47.84002731837079,0.7218189262767272,558.479048959464,139.72317822404077,91.52839344996559,2.159593128367888,0.4348321816456652,0.6085406128507387,0.25112437494962975,0.06867934251694051,93.66985766577525,80.58215257730235,20.616500606534423,1.2442810267603557,1.2206414970003043
SYN_053,3.082594654108069,3.111008358713931,3.1200718011645368,2.948904785852046,2.790719518042496,3.212221396901486,3.4128946566100846,3.4877012154890066,3.2278506645797367,2.830959510160577,79.72871475163922,205.90218244159036,223.74687734705938,3.2606235108353694,52.57709475669659,1.1993518601671211,658.861818627779,178.4878731436245,82.0715098716215,3.8765232052459027,0.6476822751389248,1.20697268459793,0.3930401683591353,0.12471030022446117,74.19748168824461,67.33964933222458,34.14564928184425,-0.5830161470267314,-0.7198076965156266
SYN_054,3.8451679763595847,3.775021637769668,2.8773041840008315,3.925417044939639,3.2723173928004567,3.2787991475807488,4.311612382003269,3.4598749884846227,3.912942372992218,3.7537340293476706,91.89978245316524,137.99009197779995,300.5700578979195,1.9150072861897736,49.02862642286167,1.0414527042571218,552.3839347719462,114.87485112134544,90.707662962167,2.25691184821888,0.39121385549452925,0.7770531770613388,0.3174427330394498,0.058734295910141586,76.90460119500739,80.79477332499685,25.242304601260372,0.9427532660515155,0.7552411648024135
SYN_055,3.3105758673623567,3.210792133069932,3.496689857906156,4.008087402687574,3.3691504055884844,3.1666444836316208,3.08783500536364,3.96590225810065,3.214684857216664,3.723001866839102,77.914743431014,199.30268275926937,248.63011295746998,3.797918307566165,53.99651640960526,1.0976462827499625,691.8844598242862,194.76380331052286,75.58222026693092,3.3755955613257522,0.4757934427980772,0.782855835786085,0.3234450216331021,0.027647555388236485,81.06455094696415,81.5753740465863,22.18951261517102,-0.8069788559056813,0.7668553041621634
SYN_056,3.647789951718353,3.2097938138757254,3.714726677916502,3.8066316597121217,3.6068524477118538,3.9897021869846894,3.9678777441173807,3.823777930797947,3.7970308953662864,4.02362603418239,89.38791784548806,136.1049287855104,305.7190448009711,1.9530903110133544,48.72666766344199,0.9435662479189842,588.6254846755878,114.29224350094375,86.57265425022635,2.3883113037232486,0.4941464021379939,0.8228490010352788,0.27972005614497014,0.08979460930061173,81.71764253741834,75.51304195271267,24.05175616087173,0.8525861033545059,0.5692023273617141
SYN_057,3.7131451480846867,3.215059824824186,3.107631367241425,3.286387163788821,3.5060411794436206,3.4728564910350803,3.3962691878905042,3.4330747057898754,3.585272191700959,3.490397206232252,85.55910275969323,173.80312335745396,298.61124043297434,2.8771619754005426,53.63419598516201,0.9804801554071593,636.3943639972304,166.70220350715783,84.63850373361385,3.5933256692192796,0.40408660441410904,0.8850234047896822,0.34975614321884846,0.056041383364974655,88.18843147822557,78.53882906668137,34.225578536860525,0.06737584451931297,0.40049438900470313
SYN_058,4.097465558858431,3.8908258447708457,4.396339288156217,4.240414175026118,4.45324109931541,4.712722796696674,3.980003461965514,4.304013655256538,4.215657351911936,3.960485833800459,99.0,98.31419429420097,376.41306843843154,1.9506709299463336,42.763327479133494,0.5755627147628639,494.17050633010956,103.4143143611061,99.0,0.8761174534981213,0.4799041339878356,0.6808456975988251,0.2781997756796169,0.04200473629090024,91.26014963141965,82.556280714325,22.456473643176352,2.0791480597396714,1.2996767510812202
SYN_059,3.1247585600487273,2.708555437749764,3.4558804486066763,3.166649176023139,2.4891481145581,3.008586155502417,3.018674672398275,2.595010094590413,3.2548836844822575,3.1968574324914,82.97359183965938,205.7412185699601,221.10934663466492,3.7856489976485967,54.76906695822736,1.1082219662789827,702.7437914899326,203.05110986683187,80.89853467674972,3.261854063585518,0.7715992013289811,1.1353781316136369,0.5132133408872386,0.0981701225952522,74.08087400006703,66.48809031589902,29.78941425555346,-0.8019181811317967,-0.6852849386346856
SYN_060,3.650597120553767,3.533107732873371,3.5445116214805363,3.6431010562759827,3.844479065191516,3.792892409361093,3.491522279242348,2.9964236529491126,3.301997896850513,3.1619744484218906,81.87099716699551,195.47312550904692,242.815974587451,2.7707221077183988,50.84417942298097,0.9423923187394831,634.6942649670594,154.67320779207773,92.31465609229294,1.8830337311621332,0.7079387506745182,1.086134026464057,0.46273946462183496,0.07056232686397844,85.5749383601008,71.78661093106476,29.298357852456014,0.09656842535334326,-0.015518910042109535
SYN_061,2.678414475060679,2.6222589808892227,1.9983332486431469,3.178855636657051,2.31555473830008,3.1865984905999736,2.8884100280639085,2.9415893384529537,3.1738621435074776,3.0898615675127177,79.18302255195312,229.0340072772663,210.00265188838512,4.079232479365296,60.0,1.2645625272642658,686.3799738793796,166.79759934912994,82.37307443105371,4.382332458788051,0.7030617581509504,1.0470061932756245,0.4431496704216333,0.07190569542328838,69.24937913266896,74.74882379436801,33.39171048650373,-1.029129409666924,-0.5619902978162176
SYN_062,2.9737075481876327,3.3922147226850767,3.2009038245863604,3.5852654981184897,2.803207055896831,3.064503483397023,3.84152681298492,3.4121520689505744,3.577766540578171,3.6375536779375564,87.16756830548823,159.56004605570692,260.4712518928403,2.2159130874756405,52.41524366564684,1.135763663232953,610.6805823727656,154.27094962377748,81.49743111723738,2.864730812991848,0.5954916547983379,0.933776399432552,0.3296455805513039,0.09095455343851629,80.34435005863297,76.19427520594384,31.356198925744543,0.11307656188554166,0.10102527859585914
SYN_063,3.5702560330289757,3.6265725628437337,3.6994868479781076,4.022886327624642,3.9989797828750557,3.40416563678358,3.624844043874013,3.7749452935879724,3.792852119416403,3.6097231225168787,88.93990946233211,151.10808070337737,286.3755745570145,2.894351701330301,49.12891313839508,0.8991302414120814,628.5229840589221,159.29033791444672,84.44521610613134,2.650584413025952,0.6037774060658282,0.878263735843675,0.3264671981568835,0.048674372677327195,85.39310375651937,88.54067776132797,29.054788524385874,0.36451083552378605,0.6056891320517361
SYN_064,2.993286814456214,3.4951532540510644,3.453902848001417,3.5446002821525067,3.597236857461823,3.2450907779922527,3.7502365812468113,3.0269631772803884,3.338322291366684,3.4690192503151445,80.49134685033069,209.0578219359028,229.90346198220453,3.222695262425403,53.03917200252923,1.081047604596646,666.156822589444,157.11167221777174,86.66624982869143,2.6931768044922375,0.7341445333151744,0.960732796334152,0.47725288774122154,0.15369696309197883,73.71988393063536,72.76388709126871,34.11423340733664,-0.35488336352730765,-0.6196223969696436
SYN_065,3.6619303446605413,4.166568095180408,3.9462421769078393,3.917122090535457,3.780616170217393,3.655179017262263,3.844013274247514,3.5404443984305622,3.704768404219546,3.660515360774878,87.18336480113794,171.5948603079673,270.34616588574113,2.4706176719467163,46.741208792696725,0.8066496211229935,611.4238767045618,146.58671251031984,96.96116878216601,1.7705889517604032,0.5663101070366595,0.8306426292154178,0.3030129037696931,0.03568644632097,86.1378621874732,79.11122271049976,24.300072075624605,0.6945363504915023,0.8338464396700677
SYN_066,3.51516205160268,4.237555907987005,3.046612855780262,3.802036402750551,3.876280051532726,3.2383373786447196,4.084298572321083,3.581966386158507,3.740151913084261,3.5968403779144014,88.40045240918543,149.6874857985593,287.8576690608784,2.174003950169388,50.67895772261647,0.8960660405665792,625.2065972233861,155.74904498072118,92.35500654937596,2.2864613323569407,0.4113164297637748,0.7970936880051294,0.25423269194174836,0.01945067796918881,83.04064867197829,83.27692178789567,25.12104257530734,0.5688949537694303,1.0509669846148046
SYN_067,3.467072158097594,3.306183294393686,2.98368538359701,3.277846757147742,3.1733567557753934,3.3139101258059847,3.0580562655734895,4.076546905943481,3.2392022356133703,3.237274102028235,78.75971102981187,201.8063811367524,216.5920291988951,3.589124729986884,54.54035662281814,1.1467194718790281,737.7330056652991,186.48805008331664,83.46134363343037,3.4190935611087934,0.7075115055345732,1.1142024789836662,0.4083495387178704,0.11456384003072559,79.14334067751165,70.34171924613426,31.431999227411062,-0.8136705327173419,-0.46868286367611184
SYN_068,3.929076675443378,3.139876998264131,3.555375342397047,3.083639466222512,3.2727077003067966,3.4385368614944456,3.371682877872013,3.803917322278597,3.653761130180643,3.925162337401588,88.51395260019909,164.0708261537842,293.1379767718216,3.069339476670494,50.53719835362819,0.9360741049767759,589.6286184622153,163.25626673092486,82.54087225579944,3.4861169946460637,0.7316660733329814,1.142825279743077,0.5615144572807126,0.1380088361089484,69.96085738198427,70.34241697177701,32.71149880589171,0.27552623297316253,-0.9374692725260195
SYN_069,4.137134055193849,4.081409748309251,3.6445043679604177,3.495583013576701,3.6636911538385655,4.126494545760975,4.201456794827966,3.38950171985522,4.079430113694201,4.087312104180481,96.94280323608157,130.40269923137078,313.6268019363283,1.496260912538644,45.61882728692559,0.7671627972759373,520.5884132020584,94.97294216028479,93.52568616137714,1.8219503561903518,0.5181259593482248,1.0113180780186026,0.4402008854854177,0.08344349508738602,87.55181347284159,82.80478151544771,27.605490067919483,1.5652375311335451,0.4369198998902343
SYN_070,3.1417065404856253,3.458905300336916,2.5134315334240824,4.08129075224678,3.3980476173662657,3.2999588802245636,3.632191960525451,3.7469829450949623,3.7248291257662958,3.830704732208332,86.23333696046453,150.97552782984673,330.4776788789809,2.6179913916572484,55.06991363621122,1.0526107356905383,600.3219146539166,156.6696383426294,87.0728554506671,3.589956793012388,0.6105466659924901,0.9281584725225919,0.4200280334272,0.08821450665660832,80.73152717023342,72.37246454775507,25.896443145015663,0.3209182755287062,-0.023509541607603927
SYN_071,2.924064694844169,2.3684199442322065,3.101401740970748,3.388500766903465,2.9047883278591278,2.954286036018503,2.744614081854049,3.010305216233358,3.189018600323438,2.903642379917305,80.27705478512127,202.97280915954667,222.54435913853604,4.253351982235295,57.14131582774369,1.2163327650228841,688.4263689049441,207.61104055088953,71.27065003061692,4.405194844259336,0.8286412557604471,1.2277725019615666,0.5345354025224104,0.07187696776619523,76.44610329749823,71.72833713912475,37.9839478191356,-1.1693513399804178,-0.9567969891386172
SYN_072,3.003712626251684,2.9699639900969244,3.213023946775759,3.8294767621247154,2.835484506535183,3.0227707245120756,3.0660414706611205,3.207718738206018,3.4042529099544043,3.679117279104005,83.47481416543249,169.44604746740706,254.1032444885318,3.2741950088190204,54.425351438428486,1.048171084366702,649.5036804987359,179.19343411272786,77.06119335388325,3.8388394499944987,0.5703614426056431,1.0224252014575475,0.3717055297247391,0.05104092766506556,83.89581290299515,79.42639872204629,29.497694866086814,-0.3664127203279508,0.1707394033900853
SYN_073,2.938661634356533,3.1092182834621487,2.76842732059499,3.409148007291219,3.2210826586955035,3.198129779940644,3.1995314771459054,3.399142228402456,3.1803959782135,3.3295594680838896,80.76207217332544,205.95596050742165,208.93523453319986,3.413236176451299,56.714359049585156,1.0974653504939,681.2606387793514,185.83656275202713,79.9699504447995,4.144046784812291,0.6777536958412634,0.9689741312781275,0.3936293806004652,0.059548445859542554,79.60482188634617,68.47743159318229,33.10012285031671,-0.769952930823497,-0.29571329589096884
SYN_074,3.5033214839477655,3.7847377876200565,2.990539728241074,4.668528853207899,3.4690709652451748,3.6650900074605737,3.8399887203006537,4.214762319866695,3.9957820444736276,3.288777457858923,94.02424356562983,139.24960122503327,343.7707263122953,1.672753247653579,52.75262992776493,0.8893744122166345,542.7758323954629,150.6930037747128,94.19255927487889,2.9688250757711536,0.5324570522312303,0.9237828321054092,0.32954219893910786,0.022926911932241147,82.7764616187923,82.55630171109934,26.922577353272686,1.0344232291335838,0.6112163967291073
SYN_075,3.4648198312956273,3.843214447015595,3.5839846822525354,3.9999928929910693,2.7617069676151824,2.9810025819049417,3.7862689414703805,3.996507273275813,3.557331024354698,3.3503849036162006,83.63037293550538,170.037948396718,286.6768983965564,2.2960661006419834,48.39932661888246,0.9348262104208933,642.3120094243826,168.13810758564222,82.28724301367686,2.4947321101356374,0.49004043074166753,0.8213826479765162,0.29431521453369724,0.055764941415692396,87.56307258807453,86.27124900499886,27.90131255246455,0.20259795095559754,0.8103496859679936
SYN_076,3.7312549359425833,3.4850060449789355,3.948520029326258,4.36828803856464,3.277841708118939,3.2573354432730173,3.8705080443273276,3.6269337027645205,3.6797058380316803,3.70853805399709,86.1095991910489,145.67760215033596,287.8175952745196,1.8422642311642239,50.48937631722677,0.8186932007309867,613.2897134542436,123.88670663581254,78.9963698125374,2.549661630647278,0.4368159777265288,0.7558675999368004,0.3535166370286667,0.0,93.42183422949086,82.20240390524562,17.1224821286757,0.5672521306339366,1.2830445498482614
SYN_077,3.950041481550467,3.5579503019412386,4.486073851324273,2.8409636213550873,3.64871365036464,4.078945016197334,3.593759923387469,2.784397315128913,3.3220407751569137,3.7310730484944705,82.5648858460511,202.35512515410883,223.7653533782568,3.2933829439569693,45.9049466922389,0.8751899978410217,646.3492122095918,123.08915452821823,92.30452478570669,1.0433294139057168,0.5592175454882801,1.125275679327513,0.4222438794915625,0.053558300150126456,76.8623741051725,74.96374665166118,32.589632466115305,0.24503655525393075,0.15934428243896243
SYN_078,3.280442205782769,3.771372838366552,3.7472509186563703,3.0123003666860395,3.5383140601224627,3.2862609967107987,4.12021796425567,3.0932582006187377,3.985553406574187,3.850955756904053,95.93242243080324,139.27094742336686,320.21267839573363,2.337249628508452,49.37680977722713,0.8593668851982865,581.0897652204031,163.8467308574389,86.50657301543748,2.634974118194223,0.7216441114666791,1.2954420696840458,0.5229753747029414,0.11171434182683126,68.17763094800057,58.19166548697927,37.607729107865026,0.7807247882646853,-1.1029882328883627
SYN_079,3.7396088544446413,3.9025944528716057,3.8735300164249113,4.322898133914666,3.7088762851823085,3.2857515268498885,3.950682856222792,4.263037581160743,3.9877796194016186,3.8372170035235373,89.48463043900527,128.17482311753386,300.4764247596136,2.3700949216976963,49.76068971761821,0.6826564896564034,587.407582394802,145.34129178989247,87.33429234047095,2.6193654438798,0.46360790247677425,0.5585658488226846,0.2521970998152395,0.013447451935554976,90.87342622788448,81.61436814186146,23.560190242876914,0.8358345973928452,1.2576215008543208
SYN_080,4.157446586080867,3.486972301652623,3.371673167096036,2.986046575164232,3.422262854805573,3.9296697081093743,3.777969058756904,3.3453049850669028,3.632723849618469,3.9291083616885873,88.52082764727011,163.0471230932846,300.1241649442451,2.042686049284541,50.5813167712882,0.860092399301895,594.0821899004045,114.83257355499359,90.81812450876558,2.173678345359933,0.6254405332686368,0.971554774703723,0.3235847567235064,0.07713402407546907,92.07709520343863,81.71075236982588,29.341045569033792,0.7917597612135479,0.48167263245406755
SYN_081,4.028568293467623,3.116261792453992,4.251977519052823,3.769021149860722,4.029262720595397,4.0528065086015825,3.5243080121724994,3.358895850827288,3.831043963144592,4.1389337428069535,93.60669404707163,133.85605578969992,312.17152835527406,2.730646367800356,48.502398641728696,0.8524289212535439,625.7034809362557,151.49524920942616,89.18462193422907,2.9090781243108603,0.5262407306297933,1.0623231690784618,0.4400103074178698,0.0800606154403398,81.25467382640947,74.54623126876922,26.030336470104373,0.7308104598038342,0.09682231370303387
SYN_082,3.6693614918881448,2.6076369058266606,3.48684125047527,3.154644229302896,3.5334033207959403,3.1661014701509766,2.663620342438827,3.2878565038433076,2.4955581803455646,2.3259669181039024,70.0,253.0216927754388,154.36270750889307,5.339084187699036,56.05665740976058,1.2628323690188052,782.9322250028519,199.10196167142044,78.01860436391802,3.5366729152582064,0.6735221636607017,1.0199556415496644,0.3944924223618882,0.10415653077696127,84.50611371125234,69.09932506665568,26.55263998353555,-1.8106786009748512,-0.1690046376787957
SYN_083,3.2868483158560835,3.3696869049586637,3.6993264189654034,3.734535857867568,2.9501132937106687,3.292713026371052,3.75617204374107,3.5465036270901678,3.177618170350085,3.1823789933774145,81.13186401184883,199.46459143744883,191.51374446426416,2.9698307655342115,53.08101175945767,0.9978897239010168,632.4731745331941,168.2772161379072,81.06673066534269,3.036571867259377,0.6318471882127893,1.133943564979062,0.4502060731324739,0.10409647140252613,76.80449821056322,73.80645554990345,29.37197029282987,-0.3994484180918604,-0.3102295817918885
SYN_084,3.7346083003256214,3.076370033291309,3.389527692110229,3.4493538251470666,3.243838667621056,3.7464190163290723,3.3539466269701737,3.7104313585282966,3.706512641905543,3.74421128876748,87.68755534218397,171.81574060290365,271.5653614171261,2.8474151765084845,51.07096078198073,0.97418833557419,590.0080972312858,158.23485330672077,84.53729335205041,2.9783693745366158,0.660717000822031,1.0103806148541086,0.4790779152709833,0.11374789881160499,78.122045759639,70.35963356858785,33.51669234788163,0.23173122364129262,-0.44409462330418803
SYN_085,3.0718869064995884,2.9586092929799284,2.9353935853991553,2.5152020364674468,2.781655520721075,3.1752683159438706,2.8093157647835922,2.7506820966093475,2.8776145486680216,2.818653930312775,74.65237573462474,224.1494254252328,205.33068354443125,3.7130317643274386,56.14678897279999,1.2930330648468231,697.1087723032213,198.25196467988516,78.9721841430889,4.130455460182478,0.8393885628938402,1.2057233136213488,0.5957054342032724,0.13405603973034066,60.289368318613114,60.49468489844278,41.08600886727981,-1.1665205690534592,-1.6641590749531452
SYN_086,3.979323077523125,4.231846071151381,3.8593510904299095,3.474311984549429,4.107933867056341,4.098996514331656,3.6778698723060588,3.033185217944839,3.621283527457572,3.8075543975827677,84.39152558360372,173.23537349218745,295.12195079154753,2.713479990576495,47.035726261298,0.850151370700757,601.2610803456575,135.93394645005955,89.80482072046745,1.7180987027047938,0.7562869052047513,1.1711475942044143,0.4925866178382317,0.11271168346596726,71.10708417929284,71.74075683111838,30.336564076126717,0.5815370263790961,-0.5028132107770699
SYN_087,3.1230751778483388,2.9774611404703735,3.6181108513441025,3.49579294697666,3.689915514952461,2.975316895944498,2.8829181581944194,3.445860819513176,2.791737522443167,3.3629344668831735,70.0,232.51850928546628,202.1925411971336,4.036033139541155,56.21115195880746,1.1848655886863482,742.402657908691,204.96707863734662,71.05545294783731,3.937133144032546,0.606200705274239,0.8625790551119144,0.4021527460451403,0.09074647283365372,80.70448567108501,70.23262017869965,27.14273503014034,-1.488587453955359,-0.06809172138961714
SYN_088,3.3685934137124387,3.278977716802587,3.77254008730818,3.56865450045743,3.127333990497261,3.4151881474043324,2.985215503602214,3.6508398998221874,3.2660182719500526,2.9600060482151376,83.43166413881504,199.74881292669633,213.91637127157844,3.7436302260436487,51.4115978244823,1.00896631417816,668.3788588412892,202.2042283661593,82.34248429842661,3.6145240736320394,0.7439457548218708,1.0909748015536738,0.4589404020051608,0.10119254771201404,81.44817165338787,67.09467593762751,30.89019523620974,-0.5527124937956576,-0.5309783416732868
SYN_089,3.176169751926877,3.760587439978178,3.254005992296637,3.3618433439885975,2.714124208534189,3.0175886058719703,3.730851324491914,3.5478323469135487,3.9540300636786974,3.6515199474376985,91.3647404444574,136.91239347903058,318.1036936730196,1.7107787168977409,49.3531972608822,0.8872240603170543,632.6494544964373,177.22424000865814,86.56588149554871,3.7410480464156426,0.5718026571036785,1.0374454036851637,0.3405420730393019,0.061139117580579105,83.79913010299293,78.16361908684735,27.10858544901965,0.6315622690362773,0.2096755159206662
SYN_090,4.220601825868899,4.155424440305332,3.885567154973557,3.2955780139692914,3.5571199581702335,3.742255655942619,3.674421241590219,3.323381839567903,3.7557582240111356,3.6922619146868043,89.02642619965677,164.0431565526093,306.97368325222436,2.6348003313331505,44.49794381627971,0.7908162569388772,606.9472558077217,128.8322984854997,88.55244837772177,1.8725391300550824,0.7025809488513768,0.9542765703821476,0.441497108832462,0.09119408312017963,80.77676576291199,74.71428794136531,28.88766980860455,0.8187499613144902,0.016065480454053677
SYN_091,4.445311908377917,3.4484970629365286,4.251358575487492,2.98594030516147,3.908181264750179,4.338865904251536,3.1178488981640147,3.585185439516213,3.537891636267169,3.6229466576972307,83.43160675722714,168.62943029897676,242.86812464048617,3.5404981698457494,48.19150569381763,0.8305305212337515,633.3907375549396,147.73152571557992,83.13388466952159,2.231069682971631,0.7500330311736693,1.1851844974526855,0.6189304155714804,0.11157287222103358,69.78317239077623,68.7703651621784,33.72118473285175,0.11939785537941905,-0.8545464215743982
SYN_092,3.5235658557431204,3.542830978530672,3.3349205367121804,3.1588941099967194,3.2647729732180357,3.855411682825755,3.4428240494411804,3.5987982335686137,3.4799325102342884,3.773079479456716,82.39146303013746,163.21770531844953,261.2404479313635,2.7803587516169745,52.638122837182735,1.0236717111135238,610.9721319825828,160.1055794352659,89.83212401908037,2.5114332628205362,0.7217569979755227,0.9381734915474954,0.4071785742261613,0.09188834845826686,85.58800219517335,71.53335035120378,28.110496087455715,0.13171308105950072,0.006038979511660034
SYN_093,3.161595726107304,4.008556381545077,3.5749641501018594,3.7049280461223684,3.1273965558715746,3.7214404451032252,4.244346511644666,3.757102551300532,3.9107318113405656,3.5788557196218176,92.24516982330562,128.21628356888945,312.91878383995083,1.4347728144966374,49.796916017559816,0.8828768612085598,543.8745659872054,137.86277266429852,88.21975285199605,2.575047137349988,0.5796115272113362,0.929114832799755,0.33200171676726237,0.06714976678106888,82.68914572737391,81.30915813969845,28.430439885803683,1.029015258293032,0.40735130737513503
SYN_094,3.90053201499661,2.639113333435288,2.9852996010735087,3.139125470428982,3.7842243672248315,4.153679521687407,2.6524640301633484,3.1341772079253523,2.650089525064758,3.291720538644994,70.0,244.71809002380544,165.44113341742792,4.086431092756946,58.32593771943555,1.2760865424243504,735.2143661355499,161.27252309908368,84.59714032742258,3.1591409680133693,0.7936166303862596,1.2076927958268104,0.5109870620580436,0.10622821476701587,79.0297735680069,62.64870321084309,33.04016527736472,-1.3204189542882114,-0.8244332825913038
SYN_095,2.4724114889554993,2.281347712412377,2.2694931780875818,2.506826550891061,2.4715509718782096,2.6469454651847615,2.37586740218268,3.412399069355973,2.7951470033285277,2.529146002138221,74.23402678822875,225.11897633202275,158.14811726194915,4.721559608643542,60.0,1.4411154295044466,770.8052895899671,238.24405931424357,66.35490095880657,6.025311671786676,0.6604883405004305,1.3232773571271983,0.5614295197787287,0.10197951137876003,68.66523978427634,74.08580890906842,35.523324097626684,-2.1033759814875754,-1.209020372982717
SYN_096,2.9662732827318217,2.697016777695795,2.430474370715074,3.025257245373821,2.998135178553734,3.181338840579407,3.3241593290338924,3.7888017744356826,3.612539417744722,3.833348555885942,88.38860529318042,171.68447788068934,271.0800684181734,2.7839829674879817,57.21681161253616,1.217290448479739,599.5736638278535,185.10921804478937,77.72085157087255,5.169761030838433,0.6193700280302594,1.1671055601036575,0.4774452063134246,0.07091830774039784,72.90047738426169,66.9354500292419,35.69670549776772,-0.2900538455744452,-0.808557446715777
SYN_097,2.5667710861156157,2.747551592903022,2.2674401853607,3.537638209491158,2.890279944105067,3.0651799303889162,3.618678358689909,3.2201821176205896,3.0575497420030855,3.451152610182682,78.61587030822784,210.47146327352613,209.92437507489433,2.9106912827794518,60.0,1.3772746689753943,689.3401139807443,195.45043807776563,81.34020665882453,4.373962374458911,0.6272926290635621,0.9877195026869262,0.39357853768564494,0.0909264379916504,77.46655895673548,82.33233930422209,24.652929315577204,-1.0338719324065577,-0.02557726484618056
SYN_098,2.904319193533643,3.186809373661314,2.6610158010777827,3.4175785837171446,2.756840227953712,3.013141490956784,3.4050860840512187,3.1390498377213043,3.1079887441489262,3.1712235623324583,79.31560939546738,234.55402643221186,218.1686784478511,3.639965457747476,56.83311255316094,1.1761951208842591,694.9474249033751,171.31966733998044,79.93338300212649,3.1541138388145846,0.7062423609855668,1.1494971327539156,0.46628065626938886,0.1045468046583699,83.19757834816984,67.01335027692046,33.20973793605741,-0.9070061587566227,-0.523601059983816
SYN_099,3.109402224577909,3.517613043097317,3.346524942666554,3.6695573092168754,3.8009147339983578,3.431589505103694,3.5863584479430646,3.7715705962686017,3.367900731103833,3.540888144421468,86.4473531693238,171.16377025132851,240.5667506437242,2.889892994624556,52.41693933330991,0.963000204221038,645.3078009915866,153.21300215113263,83.47849334920781,2.9227895152791397,0.40959039546344256,0.8893774554661196,0.3440006506443252,0.039063845159756826,89.59249814347899,88.57835519055989,29.12757779312269,0.01122250553510946,0.8231860022740024
SYN_100,2.6667587555950094,2.6052452538937496,3.0149891589770363,3.114875694933675,2.6553960084793133,3.06064905726663,3.3307535022548196,3.018526090445642,2.9803406388045883,2.869260297410281,74.51605984124708,223.78009489041378,199.684265139972,3.403615269188488,60.0,1.3612907354205956,693.1932203170983,176.67690451868276,82.0289670338577,4.752068458543969,0.8205147272799759,1.1839417578211073,0.5147577473609616,0.1383210126997366,67.42350167775976,67.53026945028081,35.770204446857946,-1.138547231635218,-1.3014167978489835
